{
  "chart_html": "<html>\n<head><meta charset=\"utf-8\" /></head>\n<body>\n    <div>                            <div id=\"8fa3d2e0-4c98-4b87-a985-3b644ef7817e\" class=\"plotly-graph-div\" style=\"height:400px; width:100%;\"></div>            <script type=\"text/javascript\">                window.PLOTLYENV=window.PLOTLYENV || {};                                if (document.getElementById(\"8fa3d2e0-4c98-4b87-a985-3b644ef7817e\")) {                    Plotly.newPlot(                        \"8fa3d2e0-4c98-4b87-a985-3b644ef7817e\",                        [{\"line\":{\"color\":\"#1f77b4\",\"width\":3},\"marker\":{\"color\":\"#1f77b4\",\"size\":8},\"mode\":\"lines+markers\",\"name\":\"Monthly Mentions\",\"x\":[\"2020-11\",\"2021-01\",\"2021-02\",\"2021-04\",\"2021-05\",\"2021-08\",\"2021-10\",\"2021-11\",\"2022-02\",\"2022-03\",\"2022-04\",\"2022-05\",\"2022-06\",\"2022-07\",\"2022-08\",\"2022-09\",\"2022-10\",\"2022-12\",\"2023-02\",\"2023-04\",\"2023-05\",\"2023-12\",\"2024-04\",\"2024-05\",\"2024-08\",\"2024-10\",\"2024-11\",\"2024-12\",\"2025-02\",\"2025-03\",\"2025-04\",\"2025-05\",\"2025-06\",\"2025-07\",\"2025-08\",\"2025-09\",\"2025-10\"],\"y\":[2,1,1,1,3,3,2,1,2,1,1,3,2,1,1,1,1,1,1,1,1,1,3,2,1,1,2,1,1,3,1,1,2,2,1,6,4],\"type\":\"scatter\"}],                        {\"template\":{\"data\":{\"candlestick\":[{\"decreasing\":{\"line\":{\"color\":\"#000033\"}},\"increasing\":{\"line\":{\"color\":\"#000032\"}},\"type\":\"candlestick\"}],\"contourcarpet\":[{\"colorscale\":[[0.0,\"#000011\"],[0.1111111111111111,\"#000012\"],[0.2222222222222222,\"#000013\"],[0.3333333333333333,\"#000014\"],[0.4444444444444444,\"#000015\"],[0.5555555555555556,\"#000016\"],[0.6666666666666666,\"#000017\"],[0.7777777777777778,\"#000018\"],[0.8888888888888888,\"#000019\"],[1.0,\"#000020\"]],\"type\":\"contourcarpet\"}],\"contour\":[{\"colorscale\":[[0.0,\"#000011\"],[0.1111111111111111,\"#000012\"],[0.2222222222222222,\"#000013\"],[0.3333333333333333,\"#000014\"],[0.4444444444444444,\"#000015\"],[0.5555555555555556,\"#000016\"],[0.6666666666666666,\"#000017\"],[0.7777777777777778,\"#000018\"],[0.8888888888888888,\"#000019\"],[1.0,\"#000020\"]],\"type\":\"contour\"}],\"heatmap\":[{\"colorscale\":[[0.0,\"#000011\"],[0.1111111111111111,\"#000012\"],[0.2222222222222222,\"#000013\"],[0.3333333333333333,\"#000014\"],[0.4444444444444444,\"#000015\"],[0.5555555555555556,\"#000016\"],[0.6666666666666666,\"#000017\"],[0.7777777777777778,\"#000018\"],[0.8888888888888888,\"#000019\"],[1.0,\"#000020\"]],\"type\":\"heatmap\"}],\"histogram2d\":[{\"colorscale\":[[0.0,\"#000011\"],[0.1111111111111111,\"#000012\"],[0.2222222222222222,\"#000013\"],[0.3333333333333333,\"#000014\"],[0.4444444444444444,\"#000015\"],[0.5555555555555556,\"#000016\"],[0.6666666666666666,\"#000017\"],[0.7777777777777778,\"#000018\"],[0.8888888888888888,\"#000019\"],[1.0,\"#000020\"]],\"type\":\"histogram2d\"}],\"icicle\":[{\"textfont\":{\"color\":\"white\"},\"type\":\"icicle\"}],\"sankey\":[{\"textfont\":{\"color\":\"#000036\"},\"type\":\"sankey\"}],\"scatter\":[{\"marker\":{\"line\":{\"width\":0}},\"type\":\"scatter\"}],\"table\":[{\"cells\":{\"fill\":{\"color\":\"#000038\"},\"font\":{\"color\":\"#000037\"},\"line\":{\"color\":\"#000039\"}},\"header\":{\"fill\":{\"color\":\"#000040\"},\"font\":{\"color\":\"#000036\"},\"line\":{\"color\":\"#000039\"}},\"type\":\"table\"}],\"waterfall\":[{\"connector\":{\"line\":{\"color\":\"#000036\",\"width\":2}},\"decreasing\":{\"marker\":{\"color\":\"#000033\"}},\"increasing\":{\"marker\":{\"color\":\"#000032\"}},\"totals\":{\"marker\":{\"color\":\"#000034\"}},\"type\":\"waterfall\"}]},\"layout\":{\"coloraxis\":{\"colorscale\":[[0.0,\"#000011\"],[0.1111111111111111,\"#000012\"],[0.2222222222222222,\"#000013\"],[0.3333333333333333,\"#000014\"],[0.4444444444444444,\"#000015\"],[0.5555555555555556,\"#000016\"],[0.6666666666666666,\"#000017\"],[0.7777777777777778,\"#000018\"],[0.8888888888888888,\"#000019\"],[1.0,\"#000020\"]]},\"colorscale\":{\"diverging\":[[0.0,\"#000021\"],[0.1,\"#000022\"],[0.2,\"#000023\"],[0.3,\"#000024\"],[0.4,\"#000025\"],[0.5,\"#000026\"],[0.6,\"#000027\"],[0.7,\"#000028\"],[0.8,\"#000029\"],[0.9,\"#000030\"],[1.0,\"#000031\"]],\"sequential\":[[0.0,\"#000011\"],[0.1111111111111111,\"#000012\"],[0.2222222222222222,\"#000013\"],[0.3333333333333333,\"#000014\"],[0.4444444444444444,\"#000015\"],[0.5555555555555556,\"#000016\"],[0.6666666666666666,\"#000017\"],[0.7777777777777778,\"#000018\"],[0.8888888888888888,\"#000019\"],[1.0,\"#000020\"]],\"sequentialminus\":[[0.0,\"#000011\"],[0.1111111111111111,\"#000012\"],[0.2222222222222222,\"#000013\"],[0.3333333333333333,\"#000014\"],[0.4444444444444444,\"#000015\"],[0.5555555555555556,\"#000016\"],[0.6666666666666666,\"#000017\"],[0.7777777777777778,\"#000018\"],[0.8888888888888888,\"#000019\"],[1.0,\"#000020\"]]},\"colorway\":[\"#000001\",\"#000002\",\"#000003\",\"#000004\",\"#000005\",\"#000006\",\"#000007\",\"#000008\",\"#000009\",\"#000010\"]}},\"title\":{\"text\":\"Monthly Mentions Trend for Reddit\"},\"xaxis\":{\"title\":{\"text\":\"Month\"}},\"yaxis\":{\"title\":{\"text\":\"Number of Posts\"}},\"height\":400,\"showlegend\":false},                        {\"responsive\": true}                    )                };            </script>        </div>\n</body>\n</html>",
  "statistics": {
    "most_active_month": "2025-09",
    "average_posts_per_month": "1.7",
    "total_months": 37,
    "total_posts": 63
  }
}